,Actual,Predicted,Difference,ABS Diff
0,247.321,247.2463543,0.07,0.07
1,247.287,246.8926238,0.39,0.39
15,245.75,245.1951207,0.55,0.55
21,245.721,244.8154373,0.91,0.91
24,245.066,245.2884715,-0.22,0.22
26,245.295,244.8879794,0.41,0.41
29,245.434,245.1911602,0.24,0.24
33,245.855,245.7459445,0.11,0.11
45,246.293,247.7105699,-1.42,1.42
53,246.785,246.5003992,0.28,0.28
58,245.517,245.0625694,0.45,0.45
61,243.382,244.2786717,-0.90,0.90
67,243.329,245.1787911,-1.85,1.85
70,243.598,245.2141358,-1.62,1.62
71,243.955,244.629772,-0.67,0.67
95,246.727,247.5923913,-0.87,0.87
103,246.401,246.5346475,-0.13,0.13
106,245.893,245.4314971,0.46,0.46
109,243.839,244.9468218,-1.11,1.11
111,244.088,245.0215843,-0.93,0.93
119,245.131,245.1139778,0.02,0.02
143,246.744,246.7747347,-0.03,0.03
148,246.973,246.9561626,0.02,0.02
153,245.804,245.0937697,0.71,0.71
156,244.304,245.0093597,-0.71,0.71
160,244.787,244.4317463,0.36,0.36
161,244.739,244.6400776,0.10,0.10
171,244.816,244.5808848,0.24,0.24
174,245.199,244.8568242,0.34,0.34
176,245.412,244.3531854,1.06,1.06
179,245.511,244.807025,0.70,0.70
185,248.114,246.5605887,1.55,1.55
186,247.679,246.4955933,1.18,1.18
194,247.933,246.337776,1.60,1.60
200,244.953,244.0330387,0.92,0.92
205,244.646,244.9314733,-0.29,0.29
206,245.204,244.8176111,0.39,0.39
214,245.903,244.8096698,1.09,1.09
218,244.138,245.0322638,-0.89,0.89
221,245.357,244.8729649,0.48,0.48
222,245.63,245.5199877,0.11,0.11
228,244.339,246.5643953,-2.23,2.23
237,246.3,246.6663578,-0.37,0.37
252,245.059,245.7991621,-0.74,0.74
254,244.083,245.7534737,-1.67,1.67
261,246.214,245.4826411,0.73,0.73
267,246.738,245.3720939,1.37,1.37
269,247.335,245.3215901,2.01,2.01
273,246.408,246.5307681,-0.12,0.12
276,246.991,247.1927199,-0.20,0.20
282,248.218,247.420945,0.80,0.80
283,248.385,247.4558211,0.93,0.93
288,248.85,247.2952459,1.55,1.55
292,246.278,246.4338695,-0.16,0.16
297,244.908,245.2232904,-0.32,0.32
298,244.52,245.8894959,-1.37,1.37
303,245.909,245.3016748,0.61,0.61
306,245.414,245.1756549,0.24,0.24
309,244.989,245.3674853,-0.38,0.38
311,244.199,245.3136575,-1.11,1.11
314,244.695,245.162716,-0.47,0.47
315,245.744,245.2567396,0.49,0.49
319,245.452,245.6975133,-0.25,0.25
320,246.99,245.08492,1.91,1.91
328,246.958,246.7923356,0.17,0.17
330,247.756,246.9901258,0.77,0.77
338,248.57,247.0318583,1.54,1.54
340,247.036,246.2509273,0.79,0.79
343,244.76,245.5237457,-0.76,0.76
344,246.644,245.3864923,1.26,1.26
353,246.663,245.4714752,1.19,1.19
361,244.508,245.2860989,-0.78,0.78
362,245.317,245.4286255,-0.11,0.11
365,245.382,245.5547129,-0.17,0.17
367,245.514,244.8854058,0.63,0.63
372,246.546,244.5930308,1.95,1.95
375,245.286,246.5590598,-1.27,1.27
376,247.222,247.445882,-0.22,0.22
377,248.251,247.6525273,0.60,0.60
381,247.497,247.9889089,-0.49,0.49
390,246.083,245.9525539,0.13,0.13
394,244.874,245.4243443,-0.55,0.55
395,245.327,244.9258599,0.40,0.40
396,245.704,244.6429244,1.06,1.06
402,245.294,244.7678069,0.53,0.53
413,245.692,245.5861433,0.11,0.11
416,245.71,245.478963,0.23,0.23
422,247.142,246.3755111,0.77,0.77
428,247.418,247.033921,0.38,0.38
432,248.007,247.0762603,0.93,0.93
433,248.379,247.0864005,1.29,1.29
434,247.953,246.8237658,1.13,1.13
437,245.184,245.7151506,-0.53,0.53
439,244.916,246.5078508,-1.59,1.59
442,243.525,243.7158054,-0.19,0.19
444,243.259,244.4699522,-1.21,1.21
445,245.084,244.2035039,0.88,0.88
449,244.66,244.6101495,0.05,0.05
452,244.883,244.8977549,-0.01,0.01
453,245.961,244.6823504,1.28,1.28
462,244.881,244.7127602,0.17,0.17
470,245.837,247.3692569,-1.53,1.53
485,246.729,245.8633134,0.87,0.87
492,245.322,245.0285272,0.29,0.29
500,245.934,245.5786685,0.36,0.36
504,244.361,245.2974394,-0.94,0.94
505,243.497,245.5351222,-2.04,2.04
507,245.616,245.667863,-0.05,0.05
508,245.796,245.4164256,0.38,0.38
516,247.326,245.7800011,1.55,1.55
517,247.249,245.6593687,1.59,1.59
520,248.113,246.0302753,2.08,2.08
522,247.879,245.844635,2.03,2.03
536,245.684,245.274048,0.41,0.41
540,245.988,245.3086763,0.68,0.68
542,245.93,245.4203329,0.51,0.51
545,245.458,245.1008467,0.36,0.36
549,245.015,245.0769684,-0.06,0.06
561,246.133,245.3586937,0.77,0.77
566,244.975,245.6012268,-0.63,0.63
567,245.948,246.1363103,-0.19,0.19
575,246.52,247.5559445,-1.04,1.04
596,246.731,244.7822973,1.95,1.95
598,244.525,244.3428549,0.18,0.18
614,246.955,246.6353431,0.32,0.32
616,246.744,246.5934523,0.15,0.15
621,248.159,247.1215576,1.04,1.04
624,246.867,247.3487085,-0.48,0.48
625,247.728,247.1428057,0.59,0.59
630,246.201,244.8838688,1.32,1.32
640,245.463,245.0372797,0.43,0.43
644,245.613,244.9058526,0.71,0.71
646,245.471,244.9197655,0.55,0.55
647,245.905,245.0190055,0.89,0.89
650,245.507,245.0443036,0.46,0.46
658,244.879,246.2330032,-1.35,1.35
660,248.019,246.1672459,1.85,1.85
664,247.621,246.1758659,1.45,1.45
666,248.387,246.2502721,2.14,2.14
667,246.094,246.2947137,-0.20,0.20
668,246.575,246.3556694,0.22,0.22
674,247.448,246.957959,0.49,0.49
675,246.866,246.4676905,0.40,0.40
685,245.388,245.109468,0.28,0.28
691,244.235,244.9377171,-0.70,0.70
697,244.614,245.0012537,-0.39,0.39
700,245.266,244.917394,0.35,0.35
701,243.242,245.1540331,-1.91,1.91
709,245.925,246.0338789,-0.11,0.11
712,248.454,246.6590652,1.79,1.79
717,247.93,246.8562812,1.07,1.07
718,246.799,247.4692711,-0.67,0.67
725,245.665,246.1629164,-0.50,0.50
733,246.145,244.8395111,1.31,1.31
734,245.345,245.2900555,0.05,0.05
739,245.693,245.2873781,0.41,0.41
744,244.643,245.6020418,-0.96,0.96
750,246.436,245.5347285,0.90,0.90
751,245.702,245.2931815,0.41,0.41
753,246.284,245.1568443,1.13,1.13
754,246.029,245.4181396,0.61,0.61
757,247.822,246.6152337,1.21,1.21
760,248.117,246.9037456,1.21,1.21
761,247.134,246.9353557,0.20,0.20
771,247.595,246.6534864,0.94,0.94
772,247.885,246.1704443,1.71,1.71
774,245.666,246.2196383,-0.55,0.55
776,245.492,245.6379755,-0.15,0.15
793,244.406,245.0025367,-0.60,0.60
797,244.369,245.4216097,-1.05,1.05
798,244.901,245.1372384,-0.24,0.24
799,245.392,245.3297844,0.06,0.06
806,247.057,246.674186,0.38,0.38
808,246.957,247.2311057,-0.27,0.27
813,248.571,247.5341954,1.04,1.04
818,246.111,246.4145559,-0.30,0.30
831,245.139,244.9515934,0.19,0.19
832,245.575,245.0267363,0.55,0.55
838,244.722,245.2359082,-0.51,0.51
839,244.877,245.3095524,-0.43,0.43
840,244.601,245.1799962,-0.58,0.58
841,244.459,245.2603114,-0.80,0.80
842,245.01,245.0186551,-0.01,0.01
843,245.13,245.5470236,-0.42,0.42
844,245.172,245.829665,-0.66,0.66
850,247.289,245.2121764,2.08,2.08
854,248.322,246.5061288,1.82,1.82
856,246.836,246.3477979,0.49,0.49
880,244.69,244.6796042,0.01,0.01
882,245.391,245.3647186,0.03,0.03
890,245.794,245.2755745,0.52,0.52
895,246.419,245.4658759,0.95,0.95
900,247.441,246.9706008,0.47,0.47
906,248.222,246.5694328,1.65,1.65
907,248.553,246.7780768,1.77,1.77
911,248.262,247.0697965,1.19,1.19
924,246.817,244.9153089,1.90,1.90
926,245.188,244.7820582,0.41,0.41
929,244.526,245.0689492,-0.54,0.54
931,244.736,245.2384712,-0.50,0.50
934,245.48,244.7909381,0.69,0.69
944,246.882,245.5444983,1.34,1.34
957,247.64,247.7065453,-0.07,0.07
969,244.341,245.3811342,-1.04,1.04
970,244.535,245.0493434,-0.51,0.51
971,243.289,244.8032247,-1.51,1.51
972,245.206,244.9089532,0.30,0.30
974,244.361,245.165389,-0.80,0.80
982,244.008,244.8261112,-0.82,0.82
984,243.956,245.1624404,-1.21,1.21
989,244.634,245.3435419,-0.71,0.71
993,246.016,245.3798214,0.64,0.64
994,246.185,245.5825086,0.60,0.60
995,246.495,245.8579556,0.64,0.64
1002,247.916,247.2915743,0.62,0.62
1005,248.08,247.4799085,0.60,0.60
1007,247.119,247.4362666,-0.32,0.32
1011,248.363,246.6553151,1.71,1.71
1015,244.722,245.2575141,-0.54,0.54
1019,246.063,245.5076654,0.56,0.56
1027,245.074,245.3083041,-0.23,0.23
1028,245.531,245.3321783,0.20,0.20
1039,246.865,245.1649433,1.70,1.70
1058,246.688,246.8112157,-0.12,0.12
1070,245.092,245.7062972,-0.61,0.61
1077,245.045,245.0521493,-0.01,0.01
1078,246.702,245.1041554,1.60,1.60
1080,245.546,245.274693,0.27,0.27
1086,245.554,245.3366673,0.22,0.22
1087,245.984,245.6208752,0.36,0.36
1091,245.155,246.393867,-1.24,1.24
1111,246.34,245.4899123,0.85,0.85
1114,244.671,245.1249368,-0.45,0.45
1124,243.742,244.4033463,-0.66,0.66
1131,244.71,244.3015209,0.41,0.41
1132,244.442,245.0852441,-0.64,0.64
1141,246.782,246.7386288,0.04,0.04
1142,246.681,246.8719345,-0.19,0.19
1149,247.702,247.2952632,0.41,0.41
1156,246.114,245.1909312,0.92,0.92
1162,244.894,245.0204854,-0.13,0.13
1165,246.119,244.4960579,1.62,1.62
1166,244.369,244.3770915,-0.01,0.01
1169,243.345,244.4085267,-1.06,1.06
1170,244.056,244.6245451,-0.57,0.57
1175,244.068,244.8164187,-0.75,0.75
1179,244.683,245.3727604,-0.69,0.69
1182,246.805,245.8700534,0.93,0.93
1185,245.854,245.8878398,-0.03,0.03
1189,246.088,246.6743089,-0.59,0.59
1190,247.326,246.6791519,0.65,0.65
1212,243.066,244.9094038,-1.84,1.84
1217,245.722,245.2130074,0.51,0.51
1225,243.868,245.3292582,-1.46,1.46
1226,243.666,245.2449612,-1.58,1.58
1229,244.2,245.1096379,-0.91,0.91
1230,246.303,245.6215039,0.68,0.68
1231,247.215,245.1932412,2.02,2.02
1234,244.437,246.1805132,-1.74,1.74
1246,247.442,247.7056613,-0.26,0.26
1257,246.012,245.8029997,0.21,0.21
1258,245.406,245.2222375,0.18,0.18
1260,244.431,244.8892328,-0.46,0.46
1262,244.433,244.9559776,-0.52,0.52
1265,243.825,244.7447608,-0.92,0.92
1272,245.391,245.4153663,-0.02,0.02
1278,246.918,245.8878548,1.03,1.03
1279,247.169,246.0375928,1.13,1.13
1287,247.815,246.8608621,0.95,0.95
1292,247.959,247.1461983,0.81,0.81
1297,247.908,247.6726207,0.24,0.24
1299,246.867,246.7846562,0.08,0.08
1309,243.903,245.1614695,-1.26,1.26
1313,244.488,245.1843709,-0.70,0.70
1318,244.884,245.4190165,-0.54,0.54
1324,246.737,245.2481053,1.49,1.49
1329,246.059,245.6741711,0.38,0.38
1335,248.69,247.2638588,1.43,1.43
1337,248.309,247.3341468,0.97,0.97
1341,248.156,247.4213195,0.73,0.73
1342,248.357,247.5205166,0.84,0.84
1347,246.665,247.0068785,-0.34,0.34
1348,245.675,246.5162618,-0.84,0.84
1375,245.335,245.1674325,0.17,0.17
1388,247.907,247.1283622,0.78,0.78
1390,249.053,247.5869411,1.47,1.47
1404,244.976,244.8663503,0.11,0.11
1412,246.599,245.4335727,1.17,1.17
1416,246.166,245.3041237,0.86,0.86
1418,246.484,245.0196818,1.46,1.46
1420,245.213,245.3152832,-0.10,0.10
1424,246.528,246.0784346,0.45,0.45
1425,244.705,245.6648197,-0.96,0.96
1426,245.965,244.8558767,1.11,1.11
1438,248.031,247.5949175,0.44,0.44
1439,247.955,247.1043298,0.85,0.85
1443,246.457,247.542544,-1.09,1.09
1451,244.014,245.4923898,-1.48,1.48
1455,246.676,245.4170929,1.26,1.26
1462,245.281,244.9008793,0.38,0.38
1469,244.883,245.740157,-0.86,0.86
1477,247.486,247.1128525,0.37,0.37
1490,247.395,247.310182,0.08,0.08
1501,244.111,245.8600242,-1.75,1.75
1503,245.988,245.6633428,0.32,0.32
1519,246.516,245.8622809,0.65,0.65
1520,245.505,245.423319,0.08,0.08
1526,246.837,246.934282,-0.10,0.10
1528,246.985,247.1473027,-0.16,0.16
1529,248.23,247.1052449,1.12,1.12
1530,248.718,247.3541147,1.36,1.36
1542,246.973,246.1003888,0.87,0.87
1550,246.1,244.9645312,1.14,1.14
1551,246.24,244.8587052,1.38,1.38
1562,245.431,244.7878162,0.64,0.64
1564,245.005,244.8535938,0.15,0.15
1565,244.279,244.6387248,-0.36,0.36
1567,245.058,244.8238622,0.23,0.23
1569,245.407,245.1865014,0.22,0.22
1573,247.021,246.3535242,0.67,0.67
1575,246.431,246.7922819,-0.36,0.36
1586,249.006,248.1367018,0.87,0.87
1588,249.084,247.2466672,1.84,1.84
1596,246.118,245.3613694,0.76,0.76
1604,244.768,244.8663826,-0.10,0.10
1615,246.508,245.7052912,0.80,0.80
1619,247.717,246.2092486,1.51,1.51
1625,248.761,246.3886775,2.37,2.37
1626,248.748,246.5619045,2.19,2.19
1627,248.749,246.4982568,2.25,2.25
1631,248.062,247.0887293,0.97,0.97
1640,245.206,245.5519597,-0.35,0.35
1642,244.463,244.8050068,-0.34,0.34
1645,243.851,244.942197,-1.09,1.09
1652,245.627,245.1835755,0.44,0.44
1654,244.472,244.9161162,-0.44,0.44
1660,246.335,245.0072776,1.33,1.33
1667,245.216,245.6333932,-0.42,0.42
1677,248.627,246.9241975,1.70,1.70
1691,244.681,244.7320055,-0.05,0.05
1692,245.23,244.9838975,0.25,0.25
1700,244.582,244.9653808,-0.38,0.38
1701,244.82,244.2876736,0.53,0.53
1710,245.594,244.2335575,1.36,1.36
1712,246.272,245.1899559,1.08,1.08
1723,246.779,246.2626388,0.52,0.52
1725,248.444,246.1061655,2.34,2.34
1726,248.812,245.8732975,2.94,2.94
1727,248.772,246.0703184,2.70,2.70
1736,245.599,244.5116687,1.09,1.09
1752,243.846,244.495626,-0.65,0.65
1763,246.562,245.8761527,0.69,0.69
1772,246.096,246.82193,-0.73,0.73
1776,247.025,247.2990922,-0.27,0.27
1781,248.034,245.3255193,2.71,2.71
1787,242.856,244.0050091,-1.15,1.15
1791,244.173,244.188034,-0.02,0.02
1793,244.328,243.7267299,0.60,0.60
1794,243.394,244.3343789,-0.94,0.94
1798,242.664,243.8733623,-1.21,1.21
1810,245.745,244.5513477,1.19,1.19
1820,246.998,246.7693679,0.23,0.23
1822,246.196,247.1978773,-1.00,1.00
1828,248.334,245.4201461,2.91,2.91
1852,244.232,245.0870892,-0.86,0.86
1853,245.15,245.0188257,0.13,0.13
1876,245.727,246.5730732,-0.85,0.85
1890,243.826,243.6864378,0.14,0.14
1892,243.602,244.3240372,-0.72,0.72
1896,244.112,243.8479233,0.26,0.26
1900,244.463,245.5312202,-1.07,1.07
1902,244.97,245.4146883,-0.44,0.44
1907,245.182,245.3971615,-0.22,0.22
1909,245.794,245.7392288,0.05,0.05
1919,246.047,246.7417833,-0.69,0.69
1922,246.713,246.8061451,-0.09,0.09
1927,245.179,245.2924736,-0.11,0.11
1933,243.988,244.1802996,-0.19,0.19
1954,245.576,246.009439,-0.43,0.43
1957,246.356,246.4900058,-0.13,0.13
1962,247.887,247.1519381,0.74,0.74
1972,246.994,245.6633364,1.33,1.33
1976,245.019,244.6093501,0.41,0.41
1978,243.292,244.2588082,-0.97,0.97
1979,243.718,244.2102792,-0.49,0.49
1982,243.347,243.6599325,-0.31,0.31
1986,244.495,244.1547023,0.34,0.34
1988,244.202,243.8326765,0.37,0.37
1989,244.791,244.5378792,0.25,0.25
1991,243.501,244.4496432,-0.95,0.95
2008,247.103,246.433903,0.67,0.67
2009,247.764,246.4289081,1.34,1.34
2013,247.22,247.1501435,0.07,0.07
2015,247.41,247.3365927,0.07,0.07
2018,247.563,246.6580863,0.90,0.90
2031,237.798,242.1622382,-4.36,4.36
2035,237.542,243.399041,-5.86,5.86
2037,245.059,242.4964659,2.56,2.56
2040,244.705,243.7691524,0.94,0.94
2054,247.317,246.2849591,1.03,1.03
2055,246.956,246.1230841,0.83,0.83
2056,247.388,243.5248353,3.86,3.86
2069,245.398,245.0218349,0.38,0.38
2072,243.361,243.8448087,-0.48,0.48
2078,246.651,244.4238752,2.23,2.23
2088,242.113,243.3704159,-1.26,1.26
2096,244.311,245.0051539,-0.69,0.69
2103,246.423,246.5041425,-0.08,0.08
2112,245.287,246.9138211,-1.63,1.63
2116,246.304,245.4057347,0.90,0.90
2124,241.815,243.9344639,-2.12,2.12
2129,243.324,243.9727496,-0.65,0.65
2132,243.263,244.045669,-0.78,0.78
2135,244.105,243.8649763,0.24,0.24
2142,245.013,244.7867738,0.23,0.23
2144,245.941,244.8096331,1.13,1.13
2146,244.834,245.3625324,-0.53,0.53
2160,247.527,247.0893943,0.44,0.44
2162,248.04,247.09157,0.95,0.95
2165,245.135,244.8568719,0.28,0.28
2168,243.978,244.4737538,-0.50,0.50
2178,243.384,243.7412761,-0.36,0.36
2181,244.498,244.1394242,0.36,0.36
2187,244.132,244.7076251,-0.58,0.58
2196,246.452,245.775504,0.68,0.68
2201,245.97,246.3267225,-0.36,0.36
2207,247.133,246.8764055,0.26,0.26
2209,246.849,247.1498418,-0.30,0.30
2211,247.648,246.5311516,1.12,1.12
2215,245.484,244.5693266,0.91,0.91
2218,243.621,244.6341629,-1.01,1.01
2230,245.175,245.1775222,0.00,0.00
2241,244.772,244.7855893,-0.01,0.01
2245,245.91,245.2347116,0.68,0.68
2246,246.477,245.4034875,1.07,1.07
2247,245.635,245.6966445,-0.06,0.06
2254,246.347,246.6785852,-0.33,0.33
2259,245.953,246.2029096,-0.25,0.25
2268,244.403,244.2068846,0.20,0.20
2271,244.436,244.5279393,-0.09,0.09
2279,243.582,244.4483414,-0.87,0.87
2284,245.621,244.5273421,1.09,1.09
2285,244.707,244.9221652,-0.22,0.22
2300,246.895,246.767035,0.13,0.13
2310,245.282,245.8831982,-0.60,0.60
2311,244.378,245.2163218,-0.84,0.84
2318,244.253,245.1495121,-0.90,0.90
2321,244.351,244.6416387,-0.29,0.29
2326,244.94,245.3076116,-0.37,0.37
2339,247.186,246.4017682,0.78,0.78
2341,246.698,246.5983419,0.10,0.10
2344,246.914,247.4403877,-0.53,0.53
2347,248.966,247.2767771,1.69,1.69
2348,246.951,246.7871778,0.16,0.16
2355,247.026,247.1166421,-0.09,0.09
2361,244.445,245.1851825,-0.74,0.74
2368,244.21,244.5570792,-0.35,0.35
2380,244.79,245.3583857,-0.57,0.57
2387,246.765,246.3431549,0.42,0.42
2389,247.571,246.4932492,1.08,1.08
2395,247.478,246.9804687,0.50,0.50
2399,248.384,246.6786242,1.71,1.71
2402,248.77,247.1710738,1.60,1.60
2407,245.293,245.4677246,-0.17,0.17
2410,245.247,245.0113937,0.24,0.24
2418,245.558,245.0237047,0.53,0.53
2424,245.124,244.4499463,0.67,0.67
2425,244.608,244.720898,-0.11,0.11
2428,243.652,245.1287121,-1.48,1.48
2432,246.42,244.9477822,1.47,1.47
2434,246.19,246.1168678,0.07,0.07
2437,246.231,246.391292,-0.16,0.16
2440,247.49,246.5132996,0.98,0.98
2441,247.569,246.8312589,0.74,0.74
2451,246.768,246.9411033,-0.17,0.17
2452,246.855,246.3681977,0.49,0.49
2456,245.47,244.7671128,0.70,0.70
2463,243.219,244.4978881,-1.28,1.28
2473,245.728,244.3792715,1.35,1.35
2477,245.641,244.8435548,0.80,0.80
2481,245.55,245.1466251,0.40,0.40
2485,247.653,246.3996928,1.25,1.25
2486,245.296,247.0167188,-1.72,1.72
2487,246.083,247.1570865,-1.07,1.07
2493,248.009,246.2504679,1.76,1.76
2500,247.206,245.5786235,1.63,1.63
2501,246.696,245.3304339,1.37,1.37
2512,244.146,244.730574,-0.58,0.58
2517,245.015,245.2574065,-0.24,0.24
2522,245.254,245.2151711,0.04,0.04
2536,245.258,247.1870178,-1.93,1.93
2538,248.413,247.3187302,1.09,1.09
2539,248.899,247.1850046,1.71,1.71
2545,248.32,247.4227402,0.90,0.90
2548,247.915,246.6624372,1.25,1.25
2555,245.886,244.1531088,1.73,1.73
2568,243.77,245.6948023,-1.92,1.92
2572,247.34,245.509178,1.83,1.83
2577,245.147,244.4369279,0.71,0.71
2581,247.301,246.8020725,0.50,0.50
2584,247.721,247.0090054,0.71,0.71
2596,248.628,246.3136634,2.31,2.31
2598,246.998,245.7424575,1.26,1.26
2605,246.069,245.366469,0.70,0.70
2610,246.987,245.4450219,1.54,1.54
2620,246.962,246.1526176,0.81,0.81
2623,246.924,245.8375907,1.09,1.09
2626,246.177,246.3640577,-0.19,0.19
2633,247.551,247.214288,0.34,0.34
2645,246.47,246.6018591,-0.13,0.13
2649,243.914,244.7039205,-0.79,0.79
2651,245.149,244.7700887,0.38,0.38
2659,244.964,245.0300101,-0.07,0.07
2661,245.268,245.7385824,-0.47,0.47
2662,245.565,245.3906729,0.17,0.17
2666,245.887,245.4402379,0.45,0.45
2670,245.161,244.9910518,0.17,0.17
2672,245.935,245.3121448,0.62,0.62
2676,247.024,246.0002417,1.02,1.02
2682,248.262,247.095768,1.17,1.17
2686,247.948,247.6006481,0.35,0.35
2709,244.161,244.940575,-0.78,0.78
2714,243.271,244.7533702,-1.48,1.48
2715,243.922,244.954257,-1.03,1.03
2719,247.316,245.1278721,2.19,2.19
2726,246.807,245.7293597,1.08,1.08
2728,246.842,246.2485628,0.59,0.59
2730,247.937,246.1568031,1.78,1.78
2731,247.136,246.101253,1.03,1.03
2734,246.534,246.5931253,-0.06,0.06
2744,246.735,245.3883999,1.35,1.35
2747,244.288,245.1724954,-0.88,0.88
2754,244.923,244.3584464,0.56,0.56
2758,244.698,244.3025109,0.40,0.40
2762,244.707,244.8708894,-0.16,0.16
2767,244.813,244.648327,0.16,0.16
2768,245.849,244.729516,1.12,1.12
2780,246.491,247.1882965,-0.70,0.70
2787,246.546,246.7519321,-0.21,0.21
2792,244.578,244.7348002,-0.16,0.16
2793,244.195,244.8640788,-0.67,0.67
2795,245.801,244.7243275,1.08,1.08
2798,242.693,244.5918425,-1.90,1.90
2806,244.305,244.1428565,0.16,0.16
2808,243.829,245.0191708,-1.19,1.19
2810,244.84,244.7748229,0.07,0.07
2813,244.851,244.7554493,0.10,0.10
2816,245.639,245.4133245,0.23,0.23
2817,244.236,245.0119277,-0.78,0.78
2821,247.018,246.4740043,0.54,0.54
2822,246.468,246.1664352,0.30,0.30
2827,248.227,246.9727467,1.25,1.25
2829,248.616,247.037911,1.58,1.58
2840,244.954,244.6746975,0.28,0.28
2842,244.643,244.9558849,-0.31,0.31
2851,245.377,245.3788081,0.00,0.00
2853,244.276,244.8624052,-0.59,0.59
2865,244.554,245.6750038,-1.12,1.12
2869,246.293,246.630335,-0.34,0.34
2871,247.359,246.6087312,0.75,0.75
2875,247.522,247.1566127,0.37,0.37
2877,247.916,247.4799778,0.44,0.44
2898,246.493,246.1533439,0.34,0.34
2903,246.718,245.25626,1.46,1.46
2905,246.369,245.6870692,0.68,0.68
2915,246.129,246.9913792,-0.86,0.86
2918,246.316,247.030363,-0.71,0.71
2920,247.282,246.7970985,0.48,0.48
2932,249.317,246.8247227,2.49,2.49
2937,246.567,246.0032591,0.56,0.56
2946,245.899,245.6729543,0.23,0.23
2949,246.866,245.6913083,1.17,1.17
2950,246.433,244.9207899,1.51,1.51
2965,245.767,246.6503836,-0.88,0.88
2972,249.536,246.7785642,2.76,2.76
2986,245.079,245.6569378,-0.58,0.58
2987,244.39,245.5111409,-1.12,1.12
2989,244.049,245.7254301,-1.68,1.68
2993,245.776,245.2321043,0.54,0.54
2999,245.739,244.9600546,0.78,0.78
3008,246.332,244.9987977,1.33,1.33
3009,244.925,245.665358,-0.74,0.74
3018,246.375,247.2588076,-0.88,0.88
3020,248.364,247.3271853,1.04,1.04
3021,248.953,247.3853356,1.57,1.57
3029,247.538,246.2457219,1.29,1.29
3042,245.974,245.4740553,0.50,0.50
3043,245.791,245.6686591,0.12,0.12
3056,245.802,245.1873476,0.61,0.61
3065,247.173,246.9566223,0.22,0.22
3077,246.302,246.4812633,-0.18,0.18
3084,244.638,244.5369663,0.10,0.10
3093,244.637,245.4673405,-0.83,0.83
3095,243.939,245.2950842,-1.36,1.36
3097,243.083,245.407496,-2.32,2.32
3099,244.817,245.0840405,-0.27,0.27
3109,248.01,246.972499,1.04,1.04
3113,248.433,247.1844617,1.25,1.25
3120,247.326,247.2201748,0.11,0.11
3127,247.446,246.0265008,1.42,1.42
3132,245.63,244.5156598,1.11,1.11
3135,244.792,245.2531051,-0.46,0.46
3139,244.197,243.9270748,0.27,0.27
3141,244.375,244.3669598,0.01,0.01
3144,243.145,244.6891361,-1.54,1.54
3150,244.243,245.1215799,-0.88,0.88
3152,244.798,245.5986599,-0.80,0.80
3154,246.272,246.6740903,-0.40,0.40
3157,247.543,246.6834029,0.86,0.86
3169,247.349,247.0292923,0.32,0.32
3175,246.38,245.7586602,0.62,0.62
3179,245.566,244.8635404,0.70,0.70
3181,244.658,244.8666017,-0.21,0.21
3184,244.523,244.4265067,0.10,0.10
3189,246.241,245.1194611,1.12,1.12
3198,246.166,244.4907648,1.68,1.68
3207,245.527,246.7585412,-1.23,1.23
3221,246.571,246.5990267,-0.03,0.03
3222,248.574,246.4401755,2.13,2.13
3225,245.269,245.4024068,-0.13,0.13
3228,244.846,244.9292387,-0.08,0.08
3230,244.837,245.1010882,-0.26,0.26
3231,244.802,245.0899228,-0.29,0.29
3240,246.576,245.69282,0.88,0.88
3244,246.246,245.861354,0.38,0.38
3247,246.058,245.1958079,0.86,0.86
3249,245.41,246.3154024,-0.91,0.91
3251,246.69,246.8942803,-0.20,0.20
3261,248.681,247.418686,1.26,1.26
3267,248.831,247.4485124,1.38,1.38
3268,248.314,246.7013758,1.61,1.61
3271,247.141,246.0793041,1.06,1.06
3277,245.602,245.2469265,0.36,0.36
3290,247.224,245.8233628,1.40,1.40
3299,246.123,246.4478983,-0.32,0.32
3304,246.402,247.0093249,-0.61,0.61
3306,246.546,247.139202,-0.59,0.59
3307,246.738,247.1246907,-0.39,0.39
3313,246.932,246.8892174,0.04,0.04
3317,244.94,246.5013527,-1.56,1.56
3321,245.861,246.0698159,-0.21,0.21
3322,245.209,245.4265375,-0.22,0.22
3325,244.543,245.1681265,-0.63,0.63
3328,244.795,244.9549166,-0.16,0.16
3332,245.423,245.4526948,-0.03,0.03
3336,244.511,245.2975673,-0.79,0.79
3337,244.487,245.250416,-0.76,0.76
3339,244.46,245.2746467,-0.81,0.81
3340,244.455,245.2970585,-0.84,0.84
3343,244.002,244.7652963,-0.76,0.76
3366,247.357,245.5832205,1.77,1.77
3367,247.823,245.1845749,2.64,2.64
3371,244.5,244.9049686,-0.40,0.40
3376,243.73,244.439405,-0.71,0.71
3379,244.341,244.8572229,-0.52,0.52
3381,244.74,244.9746713,-0.23,0.23
3389,245.026,244.9476144,0.08,0.08
3394,246.136,246.8029283,-0.67,0.67
3397,247.021,247.1286352,-0.11,0.11
3400,247.238,247.7986905,-0.56,0.56
3401,248.773,247.8447677,0.93,0.93
3429,244.956,245.3606003,-0.40,0.40
3431,245.192,245.5055902,-0.31,0.31
3440,244.326,244.7482909,-0.42,0.42
3441,243.679,245.471799,-1.79,1.79
3448,246.91,246.8564534,0.05,0.05
3449,247.195,247.0565592,0.14,0.14
3452,248.52,247.959972,0.56,0.56
3460,245.751,247.1951716,-1.44,1.44
3462,245.364,246.2420185,-0.88,0.88
3464,244.9,245.3305631,-0.43,0.43
3465,245.678,245.6654096,0.01,0.01
3475,246.103,245.4760043,0.63,0.63
3476,246.107,245.2118603,0.90,0.90
3480,244.237,244.9881939,-0.75,0.75
3491,246.149,246.4800291,-0.33,0.33
3501,247.366,247.1502014,0.22,0.22
3503,247.306,246.6897394,0.62,0.62
3505,247.199,246.6892644,0.51,0.51
3507,247.139,247.3148198,-0.18,0.18
3515,243.885,245.3062929,-1.42,1.42
3516,244.007,245.0020971,-1.00,1.00
3518,245.197,244.9681649,0.23,0.23
3519,244.96,245.0939822,-0.13,0.13
3524,246.309,245.3102075,1.00,1.00
3525,245.354,245.4348137,-0.08,0.08
3542,245.599,247.2006497,-1.60,1.60
3543,246.628,247.2260344,-0.60,0.60
3550,247.374,247.2816572,0.09,0.09
3552,247.763,247.521538,0.24,0.24
3565,245.032,244.7179846,0.31,0.31
3566,244.789,244.7179227,0.07,0.07
3571,246.443,245.2810478,1.16,1.16
3574,246.128,245.2418377,0.89,0.89
3578,244.291,245.2397924,-0.95,0.95
3579,244.745,245.4151255,-0.67,0.67
3580,245.649,245.2866044,0.36,0.36
3581,245.565,245.2553107,0.31,0.31
3584,244.585,245.4158657,-0.83,0.83
3585,245.028,246.4526409,-1.42,1.42
3587,246.369,246.4375674,-0.07,0.07
3593,246.583,247.5182774,-0.94,0.94
3595,247.172,247.853909,-0.68,0.68
3628,246.977,245.5630339,1.41,1.41
3629,247.064,245.3977048,1.67,1.67
3632,244.792,245.6184305,-0.83,0.83
3634,246.112,246.7194807,-0.61,0.61
3637,246.963,246.5194455,0.44,0.44
3643,247.055,246.7447887,0.31,0.31
3654,247.375,245.4415118,1.93,1.93
3659,245.766,245.4418605,0.32,0.32
3665,246.291,245.5291553,0.76,0.76
3672,245.763,245.518785,0.24,0.24
3685,247.659,247.0646002,0.59,0.59
3691,246.165,246.9574024,-0.79,0.79
3692,246.155,246.6884263,-0.53,0.53
3693,246.494,246.6099104,-0.12,0.12
3695,246.787,246.6099104,0.18,0.18
3698,245.531,246.5501512,-1.02,1.02
3701,245.97,245.8198779,0.15,0.15
3707,244.781,245.2226333,-0.44,0.44
3710,244.492,244.9992362,-0.51,0.51
3712,243.3,244.278505,-0.98,0.98
3722,245.011,245.2425965,-0.23,0.23
3724,245.994,245.2201588,0.77,0.77
3726,243.414,246.2340875,-2.82,2.82
3729,244.977,246.6524017,-1.68,1.68
3731,245.356,246.7647861,-1.41,1.41
3737,247.64,246.0897916,1.55,1.55
3738,248.408,246.5056151,1.90,1.90
3740,246.046,246.7664794,-0.72,0.72
3756,246.762,244.8197988,1.94,1.94
3760,244.005,245.1812011,-1.18,1.18
3764,244.785,244.6652274,0.12,0.12
3775,244.129,245.0725549,-0.94,0.94
3777,245.4,246.2816935,-0.88,0.88
3778,246.013,246.266395,-0.25,0.25
3789,249.352,246.9272466,2.42,2.42
3797,247.097,246.1724394,0.92,0.92
3801,243.689,245.5133761,-1.82,1.82
3803,244.558,245.3684717,-0.81,0.81
3806,244.897,244.1838309,0.71,0.71
3810,244.629,244.7800329,-0.15,0.15
3827,246.136,246.2324219,-0.10,0.10
3833,245.159,247.2830647,-2.12,2.12
3841,245.433,246.4020359,-0.97,0.97
3842,246.296,246.860083,-0.56,0.56
3845,248.178,245.9780007,2.20,2.20
3846,246.601,246.1608177,0.44,0.44
3851,244.852,244.4366488,0.42,0.42
3857,245.538,244.2247268,1.31,1.31
3859,244.233,244.9881156,-0.76,0.76
3862,244.961,245.2953323,-0.33,0.33
3867,244.307,245.0626447,-0.76,0.76
3876,245.782,246.1407612,-0.36,0.36
3883,247.296,246.4495711,0.85,0.85
3887,248.314,246.9207635,1.39,1.39
3891,245.805,246.8051976,-1.00,1.00
3899,244.767,245.149292,-0.38,0.38
3904,245.103,245.0597852,0.04,0.04
3911,246.172,245.4241452,0.75,0.75
3913,245.702,245.2396527,0.46,0.46
3914,245.032,245.3750888,-0.34,0.34
3916,245.687,245.3417659,0.35,0.35
3934,245.922,247.5055376,-1.58,1.58
3935,245.992,247.5305478,-1.54,1.54
3936,246.083,247.4574687,-1.37,1.37
3943,246.834,246.0496916,0.78,0.78
3951,243.673,245.1873675,-1.51,1.51
3956,245.434,245.2358947,0.20,0.20
3963,245.481,245.7205795,-0.24,0.24
3969,246.307,246.3761672,-0.07,0.07
3971,245.24,246.7050169,-1.47,1.47
3975,247.357,246.854318,0.50,0.50
3977,246.447,247.2470081,-0.80,0.80
3983,247.405,247.3939512,0.01,0.01
3992,244.865,245.8899332,-1.02,1.02
4003,244.387,244.130496,0.26,0.26
4012,245.28,244.0964449,1.18,1.18
4017,245.306,245.4882157,-0.18,0.18
4018,244.892,246.4833728,-1.59,1.59
4031,248.514,246.7065653,1.81,1.81
4034,246.524,246.643362,-0.12,0.12
4043,244.898,244.3222896,0.58,0.58
4048,245.131,242.4873032,2.64,2.64
4051,245.89,244.1058682,1.78,1.78
4059,244.492,244.3275875,0.16,0.16
4062,244.128,243.6697283,0.46,0.46
4066,244.975,245.5790255,-0.60,0.60
4068,244.28,246.2599901,-1.98,1.98
4071,247.949,246.4297592,1.52,1.52
4072,246.486,246.3302708,0.16,0.16
4078,247.101,246.355811,0.75,0.75
4080,246.815,246.5033989,0.31,0.31
4084,247.052,246.9369902,0.12,0.12
4092,245.875,244.1952913,1.68,1.68
4101,244.689,244.7881272,-0.10,0.10
4107,245.659,245.076833,0.58,0.58
4110,245.77,244.278233,1.49,1.49
4116,247.222,246.7068417,0.52,0.52
4118,245.328,246.9819713,-1.65,1.65
4119,246.618,246.5514301,0.07,0.07
4128,246.907,246.8067196,0.10,0.10
4133,246.005,245.4580253,0.55,0.55
4136,246.384,244.5938291,1.79,1.79
4139,244.014,244.2667969,-0.25,0.25
4148,245.145,244.734856,0.41,0.41
4150,244.665,244.955793,-0.29,0.29
4151,244.703,244.6960851,0.01,0.01
4153,244.992,244.6338469,0.36,0.36
4155,245.111,245.5173675,-0.41,0.41
4162,245.614,246.3259994,-0.71,0.71
4164,245.424,246.5734617,-1.15,1.15
4168,246.231,247.3005484,-1.07,1.07
4175,246.996,247.0814693,-0.09,0.09
4177,246.704,246.9568767,-0.25,0.25
4178,247.288,246.8719292,0.42,0.42
4180,245.539,246.8541255,-1.32,1.32
4188,243.801,244.6253226,-0.82,0.82
4191,243.729,244.5978453,-0.87,0.87
4201,243.552,244.9467624,-1.39,1.39
4203,244.601,245.1235793,-0.52,0.52
4206,243.429,244.8624492,-1.43,1.43
4207,244.017,245.4542024,-1.44,1.44
4208,244.317,246.3561671,-2.04,2.04
4217,247.666,247.3182699,0.35,0.35
4220,247.923,247.5281612,0.39,0.39
4222,247.051,246.9594767,0.09,0.09
4225,247.112,246.9458412,0.17,0.17
4227,245.837,246.8355022,-1.00,1.00
4228,245.792,246.9384267,-1.15,1.15
4231,246.074,246.1034726,-0.03,0.03
4233,245.307,245.9129485,-0.61,0.61
4234,246.366,245.5595908,0.81,0.81
4235,245.073,245.3078379,-0.23,0.23
4237,245.393,244.6909733,0.70,0.70
4242,245.18,244.72619,0.45,0.45
4244,246.503,244.6842919,1.82,1.82
4251,243.366,244.8899966,-1.52,1.52
4256,244.976,245.9138833,-0.94,0.94
4260,245.949,246.9307843,-0.98,0.98
4274,247.037,247.1298746,-0.09,0.09
4276,248.332,247.418961,0.91,0.91
4287,244.477,244.8427422,-0.37,0.37
4299,246.213,245.1029611,1.11,1.11
4300,246.319,245.3546383,0.96,0.96
4304,245.99,246.6736553,-0.68,0.68
4305,246.91,246.4118083,0.50,0.50
4307,247.016,246.7161432,0.30,0.30
4309,245.683,247.1670723,-1.48,1.48
4310,248.209,247.3490955,0.86,0.86
4311,247.336,246.9438748,0.39,0.39
4314,247.516,246.6158012,0.90,0.90
4318,245.973,247.1983892,-1.23,1.23
4322,245.369,247.3249702,-1.96,1.96
4324,248.347,247.3815307,0.97,0.97
4334,245.338,245.4983236,-0.16,0.16
4336,244.737,245.3590894,-0.62,0.62
4341,245.061,245.3527911,-0.29,0.29
4346,245.382,245.6263402,-0.24,0.24
4356,245.981,246.6493852,-0.67,0.67
4364,245.749,247.0955658,-1.35,1.35
4380,244.415,244.6415787,-0.23,0.23
4381,244.066,244.1846307,-0.12,0.12
4385,243.803,245.0647062,-1.26,1.26
4387,245.446,244.9959079,0.45,0.45
4388,245.026,245.4671431,-0.44,0.44
4392,244.225,245.1576796,-0.93,0.93
4395,243.703,245.1121185,-1.41,1.41
4402,245.77,246.8446591,-1.07,1.07
4406,247.009,247.5335349,-0.52,0.52
4411,247.238,247.4539402,-0.22,0.22
4412,247.319,247.4275671,-0.11,0.11
4416,247.752,246.972462,0.78,0.78
4421,245.438,247.0899768,-1.65,1.65
4430,243.519,244.4059744,-0.89,0.89
4432,243.969,244.3249439,-0.36,0.36
4433,244.279,245.2755186,-1.00,1.00
4443,244.203,245.1053623,-0.90,0.90
4447,243.755,245.7904036,-2.04,2.04
4453,247.038,247.1752082,-0.14,0.14
4458,246.719,246.879819,-0.16,0.16
4462,247.301,247.2642419,0.04,0.04
4463,247.238,247.3400863,-0.10,0.10
4482,244.474,244.4741902,0.00,0.00
4487,245.118,244.6543501,0.46,0.46
4499,245.693,246.7992974,-1.11,1.11
4506,247.179,246.812701,0.37,0.37
4508,247.747,247.1550249,0.59,0.59
4509,247.459,247.2101932,0.25,0.25
4514,246.287,246.3808476,-0.09,0.09
4524,243.817,243.6645083,0.15,0.15
4528,244.845,243.7837547,1.06,1.06
4529,244.087,244.5512573,-0.46,0.46
4534,245.863,244.5576447,1.31,1.31
4537,244.683,244.7281437,-0.05,0.05
4541,245.091,243.2300892,1.86,1.86
4556,246.274,247.0435981,-0.77,0.77
4561,246.285,246.892814,-0.61,0.61
4566,246.41,245.9349764,0.48,0.48
4569,244.299,245.3417281,-1.04,1.04
4571,244.322,244.8456888,-0.52,0.52
4572,244.186,244.2193793,-0.03,0.03
4574,244.365,245.0133926,-0.65,0.65
4576,244.273,244.6193144,-0.35,0.35
4578,245.494,244.7371715,0.76,0.76
4586,244.211,244.7485921,-0.54,0.54
4603,248.538,246.5520201,1.99,1.99
4607,247.73,246.8394916,0.89,0.89
4608,247.791,246.7495898,1.04,1.04
4613,247.677,247.1812982,0.50,0.50
4622,244.531,243.599666,0.93,0.93
4625,245.001,244.9952905,0.01,0.01
4630,244.866,245.1614287,-0.30,0.30
4633,245.038,245.1638505,-0.13,0.13
4637,245.387,244.5210271,0.87,0.87
4640,245.742,245.2208579,0.52,0.52
4642,246.418,246.1762397,0.24,0.24
4650,246.723,247.116188,-0.39,0.39
4651,246.802,246.6413814,0.16,0.16
4654,246.843,246.9098406,-0.07,0.07
4656,246.899,247.3077237,-0.41,0.41
4661,246.584,246.8729464,-0.29,0.29
4665,246.024,245.5577258,0.47,0.47
4674,244.499,244.7592955,-0.26,0.26
4677,244.924,244.9824831,-0.06,0.06
4678,245.055,244.6713178,0.38,0.38
4681,243.751,244.7984592,-1.05,1.05
4695,246.696,247.768792,-1.07,1.07
4699,247.44,247.2881764,0.15,0.15
4700,247.174,247.171388,0.00,0.00
4705,246.764,246.6436231,0.12,0.12
4710,245.83,245.496959,0.33,0.33
4720,245.458,244.3617693,1.10,1.10
4725,244.481,244.3616621,0.12,0.12
4730,243.891,244.3762934,-0.49,0.49
4731,245.287,244.672738,0.61,0.61
4738,245.475,245.9901639,-0.52,0.52
4740,247.032,246.5956419,0.44,0.44
4742,246.156,246.6216797,-0.47,0.47
4744,245.439,247.0326897,-1.59,1.59
4746,247.605,247.3060672,0.30,0.30
4755,246.604,247.0524801,-0.45,0.45
4757,246.154,247.0524801,-0.90,0.90
4769,243.585,244.3053194,-0.72,0.72
4789,247.839,247.2107803,0.63,0.63
4798,248.313,247.1690494,1.14,1.14
4800,247.874,246.5149525,1.36,1.36
4810,245.346,245.4389028,-0.09,0.09
4828,244.393,245.2576877,-0.86,0.86
4830,242.425,245.850237,-3.43,3.43
4831,243.395,246.2035643,-2.81,2.81
4841,248.11,247.374646,0.74,0.74
4844,249.067,247.3615832,1.71,1.71
4850,246.732,246.3047034,0.43,0.43
4853,244.409,246.3481058,-1.94,1.94
4875,244.81,244.9217152,-0.11,0.11
4877,243.992,245.0555147,-1.06,1.06
4881,244.731,246.169531,-1.44,1.44
4906,243.954,244.7061788,-0.75,0.75
4907,244.472,244.3957165,0.08,0.08
4908,243.832,244.4472128,-0.62,0.62
4911,243.481,244.5455336,-1.06,1.06
4916,244.359,244.5668896,-0.21,0.21
4930,245.299,246.1888588,-0.89,0.89
4931,246.262,246.1286828,0.13,0.13
4934,244.995,246.2881426,-1.29,1.29
4945,248.449,247.0296844,1.42,1.42
4948,247.815,247.2972763,0.52,0.52
4954,246.654,245.1303808,1.52,1.52
4958,245.65,244.9566266,0.69,0.69
4962,246.096,245.1813556,0.91,0.91
4975,245.064,245.9989675,-0.93,0.93
4976,246.644,246.5241343,0.12,0.12
4991,247.298,247.2350325,0.06,0.06
4998,244.768,246.3253853,-1.56,1.56
5003,245.083,245.4216705,-0.34,0.34
5006,245.575,245.1060239,0.47,0.47
5014,245.621,244.3847634,1.24,1.24
5015,245.347,244.7793861,0.57,0.57
5016,244.637,244.9770637,-0.34,0.34
5017,244.269,244.3374925,-0.07,0.07
5029,248.038,247.3332316,0.70,0.70
5031,247.514,247.342997,0.17,0.17
5039,248.781,247.0674503,1.71,1.71
5043,246.576,247.8410538,-1.27,1.27
5045,245.492,247.5284632,-2.04,2.04
5050,244.264,245.3888119,-1.12,1.12
5054,244.968,244.8304678,0.14,0.14
5059,244.59,245.2235766,-0.63,0.63
5061,244.738,245.0585687,-0.32,0.32
5072,243.725,246.4719589,-2.75,2.75
5073,243.585,246.8590632,-3.27,3.27
5081,248.802,247.4813714,1.32,1.32
5086,248.036,247.5331622,0.50,0.50
5089,246.033,247.5590498,-1.53,1.53
5091,246.002,246.8729574,-0.87,0.87
5098,245.402,245.1532534,0.25,0.25
5100,246.112,245.045544,1.07,1.07
5105,244.461,244.6496777,-0.19,0.19
5108,246.092,245.3856862,0.71,0.71
5123,247.676,245.9464557,1.73,1.73
5125,247.115,246.4602916,0.65,0.65
5128,247.656,247.5694114,0.09,0.09
5130,247.916,247.851738,0.06,0.06
5131,247.391,247.8400736,-0.45,0.45
5133,248.581,247.8230824,0.76,0.76
5143,244.296,245.7052059,-1.41,1.41
5144,244.565,245.2553881,-0.69,0.69
5150,245.135,244.8662387,0.27,0.27
5151,245.351,245.2525168,0.10,0.10
5152,244.631,244.7452622,-0.11,0.11
5158,245.579,245.4448394,0.13,0.13
5162,245.188,245.4163054,-0.23,0.23
5172,246.295,246.7218222,-0.43,0.43
5182,248.348,247.1237747,1.22,1.22
5186,248.107,247.2557021,0.85,0.85
5187,248.619,247.0470223,1.57,1.57
5195,245.283,244.9283616,0.35,0.35
5201,245.961,243.7652936,2.20,2.20
5203,244.708,243.550557,1.16,1.16
5215,243.05,245.3768792,-2.33,2.33
5218,245.381,246.18545,-0.80,0.80
5225,247.599,247.009654,0.59,0.59
5226,248.148,247.0830427,1.06,1.06
5240,244.497,245.1408325,-0.64,0.64
5260,244.356,243.8849914,0.47,0.47
5263,244.952,244.3267949,0.63,0.63
5268,246.051,246.1297054,-0.08,0.08
5272,245.457,246.7529342,-1.30,1.30
5278,247.833,247.5929853,0.24,0.24
5281,248.202,247.7514971,0.45,0.45
5288,245.598,244.882392,0.72,0.72
5289,248.151,245.5962228,2.55,2.55
5299,246.142,245.2340091,0.91,0.91
5302,244.932,245.2291251,-0.30,0.30
5303,244.726,245.3382175,-0.61,0.61
5308,244.399,244.5424728,-0.14,0.14
5310,244.315,245.9617456,-1.65,1.65
5315,247.401,246.0673548,1.33,1.33
5321,247.603,247.3179671,0.29,0.29
5322,248.331,247.1960114,1.13,1.13
5328,248.973,247.2970616,1.68,1.68
5344,243.354,244.3756211,-1.02,1.02
5349,244.42,242.9777138,1.44,1.44
5350,244.325,242.8691101,1.46,1.46
5355,240.689,242.8274887,-2.14,2.14
5359,238.693,245.9769334,-7.28,7.28
5364,243.643,246.7523843,-3.11,3.11
5367,245.964,246.6814578,-0.72,0.72
5375,243.941,245.7623063,-1.82,1.82
5380,240.531,244.8816999,-4.35,4.35
5381,240.498,245.073559,-4.58,4.58
5385,239.393,243.3406003,-3.95,3.95
5397,240.822,241.5694545,-0.75,0.75
5398,236.944,241.9998934,-5.06,5.06
5401,235.499,242.3870363,-6.89,6.89
5410,245.571,245.6778055,-0.11,0.11
5434,242.904,243.350356,-0.45,0.45
5438,244.105,242.2850244,1.82,1.82
5440,244.671,244.0119461,0.66,0.66
5443,243.124,244.2583975,-1.13,1.13
5447,245.128,244.5744946,0.55,0.55
5448,244.445,244.9429442,-0.50,0.50
5450,243.812,244.3468428,-0.53,0.53
5452,243.86,243.8569322,0.00,0.00
5454,242.099,244.3552977,-2.26,2.26
5456,244.451,245.2470152,-0.80,0.80
5458,245.94,245.7801758,0.16,0.16
5461,247.025,245.9908903,1.03,1.03
5468,247.889,247.0794586,0.81,0.81
5473,246.079,247.3790661,-1.30,1.30
5474,245.681,245.7906745,-0.11,0.11
5475,244.838,244.9090115,-0.07,0.07
5478,245.369,244.0241396,1.34,1.34
5479,245.099,243.6148212,1.48,1.48
5480,244.525,244.0967644,0.43,0.43
5492,244.506,244.649447,-0.14,0.14
5493,245.32,244.7017641,0.62,0.62
5494,244.646,244.5696938,0.08,0.08
5498,244.118,244.3160508,-0.20,0.20
5499,243.614,244.1968959,-0.58,0.58
5501,242.533,244.783556,-2.25,2.25
5506,244.305,246.2913794,-1.99,1.99
5511,247.298,246.6305261,0.67,0.67
5516,248.328,246.517486,1.81,1.81
5517,248.101,246.3591131,1.74,1.74
5519,247.671,246.7344235,0.94,0.94
5529,244.092,242.7162986,1.38,1.38
5541,244.343,244.9577988,-0.61,0.61
5546,244.344,245.2365129,-0.89,0.89
5548,241.812,244.2217104,-2.41,2.41
5549,244.544,245.1641491,-0.62,0.62
5553,246.393,245.4495945,0.94,0.94
5554,245.523,245.9739835,-0.45,0.45
5556,245.667,246.257167,-0.59,0.59
5561,246.864,246.2466559,0.62,0.62
5577,243.235,245.1670644,-1.93,1.93
5578,245.131,244.6282397,0.50,0.50
5584,243.726,244.402635,-0.68,0.68
5592,243.398,245.6576328,-2.26,2.26
5610,247.041,247.3143953,-0.27,0.27
5611,247.112,247.5479727,-0.44,0.44
5618,247.53,247.4484303,0.08,0.08
5626,246.586,244.8343089,1.75,1.75
5634,245.609,244.9279835,0.68,0.68
5645,244.035,245.4580926,-1.42,1.42
5646,245.035,245.7855604,-0.75,0.75
5657,248.09,246.9144046,1.18,1.18
5658,248.39,246.975094,1.41,1.41
5672,243.889,245.1346907,-1.25,1.25
5674,244.056,244.808508,-0.75,0.75
5675,243.782,244.557679,-0.78,0.78
5677,242.878,244.5992819,-1.72,1.72
5688,242.342,244.8636642,-2.52,2.52
5691,242.22,244.440058,-2.22,2.22
5692,242.589,245.3768835,-2.79,2.79
5696,245.669,245.6628448,0.01,0.01
5699,245.718,246.1552612,-0.44,0.44
5700,247.631,246.1393646,1.49,1.49
5708,247.856,246.1532923,1.70,1.70
5711,247.509,245.6608329,1.85,1.85
5717,245.327,244.4024675,0.92,0.92
5722,243.819,244.3586551,-0.54,0.54
5725,244.083,244.4833547,-0.40,0.40
5737,243.861,244.2965981,-0.44,0.44
5738,244.431,244.8262532,-0.40,0.40
5739,243.204,244.6039523,-1.40,1.40
5740,243.486,243.6315064,-0.15,0.15
5745,245.251,245.540522,-0.29,0.29
5747,247.576,245.2483383,2.33,2.33
5761,245.888,246.2952171,-0.41,0.41
5766,245.08,244.8893499,0.19,0.19
5767,243.847,244.4203357,-0.57,0.57
5769,243.994,244.5649034,-0.57,0.57
5777,246.001,245.2551728,0.75,0.75
5789,244.976,244.9509719,0.03,0.03
5796,247.468,246.2114496,1.26,1.26
5797,246.975,246.3513755,0.62,0.62
5798,247.145,246.3171962,0.83,0.83
5802,247.951,246.5234778,1.43,1.43
5811,247.448,246.3349568,1.11,1.11
5812,245.578,245.9322604,-0.35,0.35
5813,246.006,246.0637202,-0.06,0.06
5814,245.365,245.8393684,-0.47,0.47
5817,244.933,244.1723953,0.76,0.76
5818,245.124,244.3844884,0.74,0.74
5819,244.88,244.9031718,-0.02,0.02
5823,244.91,244.9338978,-0.02,0.02
5825,246.077,244.9079024,1.17,1.17
5827,246.019,245.602944,0.42,0.42
5833,245.39,245.1958642,0.19,0.19
5839,244.888,245.6675221,-0.78,0.78
5840,245.327,245.3924768,-0.07,0.07
5843,244.769,245.882814,-1.11,1.11
5844,245.579,246.2111096,-0.63,0.63
5849,247.761,247.202106,0.56,0.56
5856,246.461,247.3784531,-0.92,0.92
5857,246.191,247.2761495,-1.09,1.09
5858,245.325,246.9362518,-1.61,1.61
5860,246.58,246.7247452,-0.14,0.14
5862,245.906,246.429579,-0.52,0.52
5885,243.249,245.8401394,-2.59,2.59
5889,245.912,245.9162955,0.00,0.00
5891,246.104,245.635812,0.47,0.47
5894,246.214,246.2998618,-0.09,0.09
5903,247.867,246.7608583,1.11,1.11
5906,247.053,246.9382387,0.11,0.11
5917,243.28,244.3161299,-1.04,1.04
5919,243.924,244.1720878,-0.25,0.25
5922,244.005,244.8874719,-0.88,0.88
5928,244.762,244.9765948,-0.21,0.21
5937,245.719,247.0434296,-1.32,1.32
5939,246.343,247.4586274,-1.12,1.12
5943,247.6,245.8078712,1.79,1.79
5947,247.172,246.5373302,0.63,0.63
5950,247.119,246.7854425,0.33,0.33
5956,246.277,246.3833554,-0.11,0.11
5964,243.811,244.7850505,-0.97,0.97
5967,244.096,244.443071,-0.35,0.35
5968,243.613,244.5819639,-0.97,0.97
5970,244.601,244.3536781,0.25,0.25
5972,244.257,244.8253808,-0.57,0.57
5973,243.812,244.7301708,-0.92,0.92
5978,243.361,246.4409233,-3.08,3.08
5987,245.509,245.2338229,0.28,0.28
5988,246.98,245.4487547,1.53,1.53
5989,247.315,245.7619561,1.55,1.55
5990,246.987,245.5916605,1.40,1.40
5993,248.24,245.5186005,2.72,2.72
5996,248.928,247.4118408,1.52,1.52
5997,248.801,247.14308,1.66,1.66
6000,248.443,248.0918846,0.35,0.35
6002,248.098,247.801411,0.30,0.30
6003,247.25,246.550717,0.70,0.70
6004,245.594,246.5953391,-1.00,1.00
6007,244.97,245.2818145,-0.31,0.31
6016,245.726,245.591838,0.13,0.13
6017,245.805,245.3094717,0.50,0.50
6018,245.418,245.1313328,0.29,0.29
6023,244.948,244.5609849,0.39,0.39
6028,244.182,244.9431414,-0.76,0.76
6031,245.222,245.7301251,-0.51,0.51
6037,247.412,246.8544515,0.56,0.56
6038,247.225,246.4456341,0.78,0.78
6042,247.698,246.3719519,1.33,1.33
6048,247.64,246.3605577,1.28,1.28
6049,246.666,246.0708987,0.60,0.60
6059,245.341,244.5735025,0.77,0.77
6065,244.119,244.4080084,-0.29,0.29
6070,244.748,244.3912583,0.36,0.36
6073,243.941,244.6538755,-0.71,0.71
6079,244.668,246.3583554,-1.69,1.69
6086,247.503,246.592514,0.91,0.91
6087,247.993,246.7569419,1.24,1.24
6091,247.628,247.056513,0.57,0.57
6104,245.044,244.8409668,0.20,0.20
6105,243.901,244.64856,-0.75,0.75
6110,243.375,244.7506581,-1.38,1.38
6120,242.987,244.6334199,-1.65,1.65
6129,245.747,245.9594753,-0.21,0.21
6142,247.876,247.0716428,0.80,0.80
6148,245.358,246.1005435,-0.74,0.74
6155,243.642,244.5407919,-0.90,0.90
6156,244.138,244.7368493,-0.60,0.60
6160,244.36,244.5643687,-0.20,0.20
6165,243.849,244.2256426,-0.38,0.38
6171,242.024,245.8779468,-3.85,3.85
6172,242.423,246.9041225,-4.48,4.48
6174,242.992,246.665895,-3.67,3.67
6187,246.28,246.7200946,-0.44,0.44
6189,246.752,246.0614816,0.69,0.69
6191,246.808,246.0886706,0.72,0.72
6210,244.858,244.9075293,-0.05,0.05
6215,243.558,244.6044264,-1.05,1.05
6223,245.587,246.1832673,-0.60,0.60
6229,247.132,246.2939466,0.84,0.84
6231,246.885,246.0782718,0.81,0.81
6234,246.361,246.3565228,0.00,0.00
6241,245.851,246.6094472,-0.76,0.76
6243,245.99,246.6052591,-0.62,0.62
6244,245.423,246.5894722,-1.17,1.17
6245,245.613,246.437795,-0.82,0.82
6248,243.626,245.0656054,-1.44,1.44
6253,244.259,244.9765113,-0.72,0.72
6258,245.83,245.1517516,0.68,0.68
6260,245.469,245.0811615,0.39,0.39
6268,245.236,246.4884089,-1.25,1.25
6269,244.89,247.007437,-2.12,2.12
6270,244.621,246.5571511,-1.94,1.94
6275,247.562,247.1401629,0.42,0.42
6279,247.249,246.9914292,0.26,0.26
6283,248.247,247.0352206,1.21,1.21
6289,247.99,246.9436834,1.05,1.05
6291,245.669,246.3938078,-0.72,0.72
6293,247.255,247.0920262,0.16,0.16
6297,246.161,244.7966259,1.36,1.36
6299,243.748,244.6566979,-0.91,0.91
6304,244.493,244.7596518,-0.27,0.27
6313,245.321,245.3490574,-0.03,0.03
6314,243.915,245.1150663,-1.20,1.20
6317,246.325,246.1874332,0.14,0.14
6321,247.175,246.5866172,0.59,0.59
6322,247.555,246.2816126,1.27,1.27
6328,247.746,246.5321093,1.21,1.21
6336,248.111,246.8944417,1.22,1.22
6337,247.006,247.2104336,-0.20,0.20
6342,245.39,246.8365186,-1.45,1.45
6345,244.375,245.5103792,-1.14,1.14
6348,244.407,244.6208397,-0.21,0.21
6351,244.538,244.8848289,-0.35,0.35
6352,244.279,244.7479702,-0.47,0.47
6356,245.987,245.1469614,0.84,0.84
6359,245.026,245.3437555,-0.32,0.32
6360,244.618,245.1739229,-0.56,0.56
6363,243.625,246.1863046,-2.56,2.56
6370,247.391,247.0256084,0.37,0.37
6372,246.437,246.3108524,0.13,0.13
6384,245.752,246.7091485,-0.96,0.96
6395,245.472,244.5404473,0.93,0.93
6398,243.333,244.066611,-0.73,0.73
6400,243.738,244.3744443,-0.64,0.64
6401,244.328,244.8021996,-0.47,0.47
6411,243.377,244.2418414,-0.86,0.86
6417,245.272,244.5270205,0.74,0.74
6422,247.736,246.2205924,1.52,1.52
6427,247.95,247.7347023,0.22,0.22
6428,248.137,247.9948563,0.14,0.14
6430,247.889,247.9553545,-0.07,0.07
6442,244.478,244.8272062,-0.35,0.35
6448,245.905,245.3652754,0.54,0.54
6449,245.946,245.3206171,0.63,0.63
6453,244.782,245.2925415,-0.51,0.51
6455,243.46,244.2253139,-0.77,0.77
6461,244.951,246.0560601,-1.11,1.11
6465,244.976,246.3064308,-1.33,1.33
6466,244.952,246.3823731,-1.43,1.43
6469,246.708,247.0819126,-0.37,0.37
6474,247.498,247.1980032,0.30,0.30
6482,245.535,246.6012046,-1.07,1.07
6497,244.493,244.3642534,0.13,0.13
6505,243.618,245.618377,-2.00,2.00
6507,243.157,245.2880709,-2.13,2.13
6514,246.579,246.2998844,0.28,0.28
6522,247.913,247.1142751,0.80,0.80
6539,243.792,245.1237495,-1.33,1.33
6544,245.739,244.5132408,1.23,1.23
6546,245.167,244.381731,0.79,0.79
6551,244.318,245.2636659,-0.95,0.95
6556,243.954,246.0945696,-2.14,2.14
6558,245.75,247.621834,-1.87,1.87
6561,245.796,246.7309401,-0.93,0.93
6563,247.092,247.3288654,-0.24,0.24
6570,247.027,247.3792785,-0.35,0.35
6583,247.026,246.6355189,0.39,0.39
6586,245.211,245.4670872,-0.26,0.26
6587,246.023,245.5801648,0.44,0.44
6588,245.606,244.7618299,0.84,0.84
6590,246.064,245.3281738,0.74,0.74
6602,243.331,245.5955018,-2.26,2.26
6607,246.228,247.0920845,-0.86,0.86
6608,246.435,246.8850039,-0.45,0.45
6609,247.167,246.9278358,0.24,0.24
6610,246.294,246.9090371,-0.62,0.62
6612,245.981,247.2535157,-1.27,1.27
6617,248.012,247.6683806,0.34,0.34
6626,247.725,247.3737915,0.35,0.35
6628,246.528,247.4270589,-0.90,0.90
6629,246.446,246.6425455,-0.20,0.20
6632,245.559,246.1442285,-0.59,0.59
6633,245.67,245.6597984,0.01,0.01
6637,245.149,245.0546088,0.09,0.09
6642,243.86,244.7567013,-0.90,0.90
6651,243.112,245.9167365,-2.80,2.80
6652,243.081,247.1510275,-4.07,4.07
6653,244.371,246.6523127,-2.28,2.28
6660,246.471,247.3657535,-0.89,0.89
6663,246.688,247.5654971,-0.88,0.88
6669,248.072,247.5452308,0.53,0.53
6672,249.038,247.6018549,1.44,1.44
6673,249.134,247.3930252,1.74,1.74
6681,244.255,244.4694958,-0.21,0.21
6685,245.019,244.7118151,0.31,0.31
6687,245.311,244.9384998,0.37,0.37
6690,245.435,244.7231519,0.71,0.71
6710,247.414,247.4556131,-0.04,0.04
6717,247.791,246.3685873,1.42,1.42
6720,246.674,247.0724188,-0.40,0.40
6721,246.495,247.2113532,-0.72,0.72
6723,245.799,246.6610287,-0.86,0.86
6734,244.255,244.7904276,-0.54,0.54
6752,244.555,245.5303662,-0.98,0.98
6753,245.002,245.6627717,-0.66,0.66
6769,248.451,246.6688386,1.78,1.78
6773,246.662,246.2040352,0.46,0.46
6786,242.775,244.3141435,-1.54,1.54
6791,243.468,245.4819018,-2.01,2.01
6792,242.61,245.4298833,-2.82,2.82
6794,242.479,245.8740132,-3.40,3.40
6803,245.575,245.1356979,0.44,0.44
6808,246.872,246.4267079,0.45,0.45
6811,247.603,246.5149369,1.09,1.09
6817,248.08,247.1400159,0.94,0.94
6827,244.511,244.3731699,0.14,0.14
6841,244.442,244.9310121,-0.49,0.49
6847,244.285,245.1541494,-0.87,0.87
6856,248.131,246.1394376,1.99,1.99
6857,246.735,246.1394376,0.60,0.60
6859,246.193,246.7733985,-0.58,0.58
6869,246.31,246.2097989,0.10,0.10
6871,245.597,244.9187737,0.68,0.68
6873,243.305,244.3019749,-1.00,1.00
6879,243,244.4198115,-1.42,1.42
6883,243.418,244.2687199,-0.85,0.85
6885,243.678,244.3827855,-0.70,0.70
6890,243.722,243.9743069,-0.25,0.25
6895,244.446,244.3163067,0.13,0.13
6904,246.625,246.0886453,0.54,0.54
6906,246.796,246.196677,0.60,0.60
6908,247.146,246.5520274,0.59,0.59
6912,247.424,246.5016924,0.92,0.92
6923,244.313,245.0853605,-0.77,0.77
6924,243.986,244.7119741,-0.73,0.73
6925,243.783,244.6623762,-0.88,0.88
6929,244.709,245.4729113,-0.76,0.76
6945,245.636,246.7500396,-1.11,1.11
6949,245.796,246.0447805,-0.25,0.25
6954,245.9,246.4765882,-0.58,0.58
6961,247.606,246.8906754,0.72,0.72
6966,245.956,245.8018806,0.15,0.15
6977,243.54,245.5108071,-1.97,1.97
6991,244.892,245.8535394,-0.96,0.96
6997,246.456,245.3685332,1.09,1.09
7000,247.299,245.0761096,2.22,2.22
7006,246.33,246.1222924,0.21,0.21
7010,246.713,245.0617634,1.65,1.65
7011,244.759,245.4710056,-0.71,0.71
7014,245.98,244.820545,1.16,1.16
7019,243.081,243.617281,-0.54,0.54
7020,244.468,243.7338798,0.73,0.73
7027,243.844,244.1978817,-0.35,0.35
7033,242.585,244.1890832,-1.60,1.60
7036,242.663,243.298855,-0.64,0.64
7042,245.543,245.1450162,0.40,0.40
7046,247.226,246.1788718,1.05,1.05
7067,244.135,244.6654687,-0.53,0.53
7072,244.541,245.1267784,-0.59,0.59
7077,244.321,244.4972557,-0.18,0.18
7080,243.167,243.4132114,-0.25,0.25
7085,243.209,244.1371378,-0.93,0.93
7088,244.795,245.1383071,-0.34,0.34
7089,244.845,245.5003396,-0.66,0.66
7091,244.434,245.3952129,-0.96,0.96
7096,246.232,246.3088758,-0.08,0.08
7102,246.162,246.5958284,-0.43,0.43
7108,245.981,246.6504495,-0.67,0.67
7110,245.164,245.6475245,-0.48,0.48
7111,246.548,244.4819943,2.07,2.07
7112,245.872,245.0099764,0.86,0.86
7113,245.265,244.7107715,0.55,0.55
7116,243.378,244.4618231,-1.08,1.08
7128,243.151,244.6651349,-1.51,1.51
7131,241.507,243.9943668,-2.49,2.49
7138,243.809,244.2941953,-0.49,0.49
7154,247.493,246.317132,1.18,1.18
7158,245.262,245.0956833,0.17,0.17
7164,243.937,243.675746,0.26,0.26
7167,245.02,245.0067576,0.01,0.01
7170,245.638,245.2678141,0.37,0.37
7172,245.712,245.4250812,0.29,0.29
7174,245.529,244.7331419,0.80,0.80
7178,242.52,242.509576,0.01,0.01
7192,247.087,247.8326337,-0.75,0.75
7199,247.406,246.3959288,1.01,1.01
7200,246.843,246.6378263,0.21,0.21
7203,245.329,246.0425367,-0.71,0.71
7206,244.519,245.3988683,-0.88,0.88
7215,244.813,245.4472473,-0.63,0.63
7218,246.042,245.8899315,0.15,0.15
7227,241.984,243.6356551,-1.65,1.65
7229,242.127,244.4170226,-2.29,2.29
7231,244.378,245.1689181,-0.79,0.79
7232,244.277,245.5131207,-1.24,1.24
7233,244.949,244.7445447,0.20,0.20
7246,248.56,246.4201345,2.14,2.14
7247,248.875,246.5370537,2.34,2.34
7250,247.131,246.4115355,0.72,0.72
7254,246.029,245.6001813,0.43,0.43
7265,243.71,244.0532609,-0.34,0.34
7275,243.594,244.024038,-0.43,0.43
7276,243.428,244.0030592,-0.58,0.58
7278,245.436,245.3240225,0.11,0.11
7286,246.058,245.9493446,0.11,0.11
7290,248.077,246.4269629,1.65,1.65
7296,246.812,246.1272273,0.68,0.68
7297,246.66,246.0930642,0.57,0.57
7299,246.174,245.5880039,0.59,0.59
7307,246.288,245.2671353,1.02,1.02
7310,245.402,244.4883674,0.91,0.91
7312,245.714,244.5157523,1.20,1.20
7326,243.804,245.5757995,-1.77,1.77
7330,245.999,246.0900605,-0.09,0.09
7336,246.64,245.9558565,0.68,0.68
7337,245.517,245.6925247,-0.18,0.18
7342,246.019,246.5210365,-0.50,0.50
7354,244.546,244.2991851,0.25,0.25
7368,242.868,245.0693806,-2.20,2.20
7374,243.641,245.1006149,-1.46,1.46
7375,244.187,245.3490573,-1.16,1.16
7377,243.981,245.5873497,-1.61,1.61
7379,245.145,245.2479167,-0.10,0.10
7382,247.046,245.5555788,1.49,1.49
7385,247.145,245.6374098,1.51,1.51
7389,248.293,246.5844117,1.71,1.71
7393,246.993,246.283635,0.71,0.71
7400,245.321,245.5186375,-0.20,0.20
7401,243.883,246.0460347,-2.16,2.16
7403,245.042,244.0722026,0.97,0.97
7409,245.928,245.4250265,0.50,0.50
7415,244.646,244.8211681,-0.18,0.18
7421,243.812,243.8987859,-0.09,0.09
7424,244.559,245.5692236,-1.01,1.01
7436,246.981,246.5468377,0.43,0.43
7440,246.126,246.334636,-0.21,0.21
7448,245.884,244.664761,1.22,1.22
7449,244.721,244.3480997,0.37,0.37
7450,244.365,244.6905553,-0.33,0.33
7455,245.053,244.3925189,0.66,0.66
7460,245.158,244.9230002,0.23,0.23
7467,243.102,244.9084769,-1.81,1.81
7468,243.61,244.8214652,-1.21,1.21
7469,244.596,245.0872987,-0.49,0.49
7473,245.762,245.0443488,0.72,0.72
7474,246.659,245.1623943,1.50,1.50
7476,246.495,245.6477565,0.85,0.85
7480,246.8,246.4673232,0.33,0.33
7487,248.087,246.2356709,1.85,1.85
7488,248.594,246.7568245,1.84,1.84
7491,247.589,247.2018292,0.39,0.39
7492,247.213,246.7535525,0.46,0.46
7496,245.007,245.1289786,-0.12,0.12
7503,245.126,244.4430553,0.68,0.68
7505,244.573,244.7470927,-0.17,0.17
7506,245.552,243.9819013,1.57,1.57
7507,244.939,244.6165129,0.32,0.32
7518,242.496,245.1182306,-2.62,2.62
7529,245.893,246.7400682,-0.85,0.85
7536,246.522,246.4900056,0.03,0.03
7540,246.405,245.7267101,0.68,0.68
7542,244.214,246.0501147,-1.84,1.84
7544,244.051,245.4142056,-1.36,1.36
7551,243.92,244.2650016,-0.35,0.35
7562,242.006,245.5569917,-3.55,3.55
7563,241.722,245.2938834,-3.57,3.57
7568,243.524,244.3545104,-0.83,0.83
7578,247.26,246.7171452,0.54,0.54
7581,247.531,246.7352134,0.80,0.80
7582,247.226,246.524619,0.70,0.70
7587,246.174,246.9330464,-0.76,0.76
7591,246.363,245.2764338,1.09,1.09
7595,245.39,245.1336553,0.26,0.26
7598,245.093,244.3852162,0.71,0.71
7600,242.372,243.9557515,-1.58,1.58
7611,242.282,244.2431636,-1.96,1.96
7613,243.759,245.3542117,-1.60,1.60
7616,245.889,245.2504805,0.64,0.64
7626,247.232,245.97271,1.26,1.26
7631,247.135,246.3224844,0.81,0.81
7634,247.221,245.7742328,1.45,1.45
7636,246.413,245.7328683,0.68,0.68
7639,246.189,244.6020427,1.59,1.59
7653,244.358,243.8853134,0.47,0.47
7658,242.816,244.4586246,-1.64,1.64
7666,245.387,245.784163,-0.40,0.40
7670,246.734,246.7730202,-0.04,0.04
7671,246.471,246.8142346,-0.34,0.34
7672,246.973,247.1452388,-0.17,0.17
7674,247.392,247.1398965,0.25,0.25
7681,247.606,247.3268202,0.28,0.28
7692,243.016,244.1191369,-1.10,1.10
7694,243.231,243.8139853,-0.58,0.58
7700,244.671,243.9715914,0.70,0.70
7714,245.213,246.3632709,-1.15,1.15
7716,246.739,246.2591319,0.48,0.48
7739,245.192,245.3157942,-0.12,0.12
7741,243.488,245.1751889,-1.69,1.69
7743,244.945,243.9654217,0.98,0.98
7744,244.717,244.6898444,0.03,0.03
7746,244.684,244.394018,0.29,0.29
7750,244.844,245.3087598,-0.46,0.46
7753,242.909,245.4267655,-2.52,2.52
7756,243.075,245.3468274,-2.27,2.27
7757,243.45,244.9735784,-1.52,1.52
7765,247.407,246.6801424,0.73,0.73
7766,245.288,246.5676553,-1.28,1.28
7775,247.654,246.3318853,1.32,1.32
7783,245.43,245.6664537,-0.24,0.24
7785,245.325,244.5995644,0.73,0.73
7794,243.777,244.1947893,-0.42,0.42
7798,244.409,246.1116875,-1.70,1.70
7802,242.547,244.3171784,-1.77,1.77
7804,244.047,244.4374441,-0.39,0.39
